,Round,,Pick #,,Next Pick,On Deck,,,,,,,,Top minus bottom,,,,,,,10.00
,1,,1,,Todd,Cooper,,,,League Site,ESPN,League Type:,Standard,ESPN Rank,,,,,,,SM
,,,,,,,,,,,,,,,,,,,,,
,,,,Click to Draft Player,,,,,,From ESPN,,From FantasyPros.com,,Avg Rank,Dynasty,SleeperPPR,,,,Custom,
Default Rank,Owner,Pick #,Drafted,Draft,Player,Pos,Team,Bye,Status,ESPN Rank,ESPN ADP,Avg Rank,Avg ADP,Diff,Rank,ADP,ESPN - Sleeper ADP,VBD,Prj Points,Rank,
1,,,No,FALSE,Ja'Marr Chase,WR,CIN,10,,1,1.6,1,1.0,0,1,1.1,0.5,132,231.1,,
2,,,No,FALSE,Bijan Robinson,RB,ATL,5,,2,3.2,3,2.5,-1,4,3.4,-0.2,172,260.5,,
3,,,No,FALSE,Justin Jefferson,WR,MIN,6,Q: Aug 16,3,4.7,4,5.0,-1,2,4.4,0.3,106,205.1,,
4,,,No,FALSE,Saquon Barkley,RB,PHI,9,,4,3.5,2,3.0,2,13,2.4,1.1,185,273.2,,
5,,,No,FALSE,Jahmyr Gibbs,RB,DET,8,,5,5.3,5,4.0,0,6,5.6,-0.3,171,259.2,,
6,,,No,FALSE,CeeDee Lamb,WR,DAL,10,,6,7.0,6,5.5,0,5,5.9,1.1,94,192.9,,
7,,,No,FALSE,Christian McCaffrey,RB,SF,14,,7,8.4,14,10.5,-7,56,13.8,-5.4,140,228.7,,
8,,,No,FALSE,Puka Nacua,WR,LAR,8,,8,10.0,9,8.5,-1,10,8.0,2.0,89,187.9,,
9,,,No,FALSE,Malik Nabers,WR,NYG,14,Q: Aug 16,9,12.4,10,9.0,-1,3,9.1,3.3,82,181.3,,
10,,,No,FALSE,Amon-Ra St. Brown,WR,DET,8,,10,10.2,13,9.5,-3,8,7.6,2.6,82,181.4,,
11,,,No,FALSE,Ashton Jeanty,RB,LV,8,,11,12.4,12,9.5,-1,9,11.1,1.3,129,217.6,,
12,,,No,FALSE,De'Von Achane,RB,MIA,12,,12,14.3,17,14.0,-5,15,15.4,-1.1,132,220.2,,
13,,,No,FALSE,Nico Collins,WR,HOU,6,,13,16.1,8,13.5,5,11,11.4,4.7,85,183.9,,
14,,,No,FALSE,Brian Thomas Jr.,WR,JAX,8,,14,18.9,11,13.5,3,7,14.5,4.4,82,181.5,,
15,,,No,FALSE,A.J. Brown,WR,PHI,9,Q: Aug 16,15,18.6,15,21.5,0,19,17.4,1.2,73,171.8,,
16,,,No,FALSE,Drake London,WR,ATL,5,,16,22.5,18,19.0,-2,12,17.6,4.9,68,166.9,,
17,,,No,FALSE,Jonathan Taylor,RB,IND,11,,17,19.6,16,22.0,1,27,23.1,-3.5,128,216.4,,
18,,,No,FALSE,Josh Jacobs,RB,GB,5,,18,20.4,19,18.0,-1,47,20.5,-0.1,138,226.6,,
19,,,No,FALSE,Derrick Henry,RB,BAL,7,,19,15.5,7,11.5,12,61,10.7,4.8,162,250.0,,
20,,,No,FALSE,Brock Bowers,TE,LV,8,,20,21.0,21,17.0,-1,14,16.1,4.9,71,148.8,,
21,,,No,FALSE,Trey McBride,TE,ARI,8,,21,26.2,30,26.5,-9,26,25.0,1.2,61,139.1,,
22,,,No,FALSE,Bucky Irving,RB,TB,9,,22,24.2,22,17.5,0,25,19.5,4.7,114,202.6,,
23,,,No,FALSE,Kyren Williams,RB,LAR,8,,23,27.5,24,26.0,-1,38,28.2,-0.7,125,213.4,,
24,,,No,FALSE,Tee Higgins,WR,CIN,10,,24,28.9,27,34.0,-3,31,29.7,-0.8,62,161.0,,
25,,,No,FALSE,Tyreek Hill,WR,MIA,12,Q: Aug 16,25,29.3,31,27.5,-6,71,27.7,1.6,69,168.1,,
26,,,No,FALSE,Ladd McConkey,WR,LAC,12,Q: Aug 16,26,32.3,23,24.5,3,16,22.6,9.7,66,165.6,,
27,,,No,FALSE,Davante Adams,WR,LAR,8,,27,36.1,32,40.0,-5,73,41.6,-5.5,60,159.0,,
28,,,No,FALSE,Josh Allen,QB,BUF,7,,28,21.2,25,22.5,3,21,21.0,0.2,102,366.2,,
29,,,No,FALSE,Lamar Jackson,QB,BAL,7,,29,21.9,26,23.5,3,24,23.4,-1.6,107,370.6,,
30,,,No,FALSE,Jayden Daniels,QB,WSH,12,,30,27.6,34,30.0,-4,28,31.6,-4.1,82,345.5,,
31,,,No,FALSE,Jalen Hurts,QB,PHI,9,,31,29.8,36,40.0,-5,35,39.6,-9.8,84,347.5,,
32,,,No,FALSE,Chase Brown,RB,CIN,10,,32,35.0,28,22.5,4,41,29.2,5.8,108,196.4,,
33,,,No,FALSE,James Cook,RB,BUF,7,,33,35.4,35,33.5,-2,40,35.6,-0.3,108,196.5,,
34,,,No,FALSE,Jaxon Smith-Njigba,WR,SEA,8,,34,38.4,33,30.5,1,17,26.9,11.5,52,151.3,,
35,,,No,FALSE,Terry McLaurin,WR,WSH,12,Out: Aug 18,35,46.8,40,39.0,-5,51,34.2,12.6,62,160.6,,
36,,,No,FALSE,Garrett Wilson,WR,NYJ,9,,36,43.9,38,34.0,-2,18,32.5,11.4,44,142.7,,
37,,,No,FALSE,Kenneth Walker III,RB,SEA,8,,37,43.4,41,42.0,-4,49,45.9,-2.5,91,179.7,,
38,,,No,FALSE,Omarion Hampton,RB,LAC,12,,38,51.2,42,36.5,-4,22,44.3,6.9,90,178.0,,
39,,,No,FALSE,Joe Burrow,QB,CIN,10,,39,34.1,44,37.0,-5,33,40.0,-5.9,67,330.2,,
40,,,No,FALSE,George Kittle,TE,SF,14,,40,36.0,20,40.0,20,57,38.6,-2.6,70,147.7,,
41,,,No,FALSE,Alvin Kamara,RB,NO,11,,41,42.7,47,38.5,-6,87,41.3,1.4,90,177.9,,
42,,,No,FALSE,Chuba Hubbard,RB,CAR,14,,42,49.8,43,44.0,-1,72,47.3,2.5,86,174.0,,
43,,,No,FALSE,James Conner,RB,ARI,8,,43,53.7,46,49.5,-3,106,52.9,0.8,95,182.8,,
44,,,No,FALSE,Breece Hall,RB,NYJ,9,,44,54.0,37,30.0,7,23,33.0,21.0,96,184.1,,
45,,,No,FALSE,Mike Evans,WR,TB,9,,45,48.0,29,42.0,16,75,37.5,10.5,66,164.8,,
46,,,No,FALSE,Marvin Harrison Jr.,WR,ARI,8,,46,50.4,39,39.5,7,20,35.7,14.7,55,154.4,,
47,,,No,FALSE,DK Metcalf,WR,PIT,5,,47,48.8,45,50.5,2,42,47.4,1.4,53,152.2,,
48,,,No,FALSE,DJ Moore,WR,CHI,5,,48,63.3,49,46.5,-1,50,46.2,17.1,44,142.8,,
49,,,No,FALSE,Rashee Rice,WR,KC,10,Q: Aug 15,49,68.1,62,48.0,-13,32,43.6,24.5,20,118.7,,
50,,,No,FALSE,Xavier Worthy,WR,KC,10,,50,56.7,53,58.5,-3,48,55.9,0.8,46,145.2,,
51,,,No,FALSE,Joe Mixon,RB,HOU,6,Out: Sep 7,51,63.6,70,57.0,-19,88,51.1,12.5,72,159.8,,
52,,,No,FALSE,D'Andre Swift,RB,CHI,5,,52,66.3,57,60.5,-5,101,74.7,-8.4,78,166.6,,
53,,,No,FALSE,Zay Flowers,WR,BAL,7,,53,64.5,51,60.0,2,36,53.9,10.6,46,145.1,,
54,,,No,FALSE,Courtland Sutton,WR,DEN,12,,54,69.7,50,50.0,4,94,50.0,19.7,45,144.3,,
55,,,No,FALSE,Calvin Ridley,WR,TEN,10,,55,76.2,58,69.5,-3,107,75.3,0.9,42,140.7,,
56,,,No,FALSE,DeVonta Smith,WR,PHI,9,,56,72.9,54,55.0,2,34,53.0,19.9,38,137.5,,
57,,,No,FALSE,Jaylen Waddle,WR,MIA,12,Q: Aug 16,57,80.0,61,72.5,-4,46,67.2,12.8,28,127.1,,
58,,,No,FALSE,Jerry Jeudy,WR,CLE,9,,58,81.2,79,70.0,-21,70,73.0,8.2,34,132.9,,
59,,,No,FALSE,Jameson Williams,WR,DET,8,,59,79.9,48,60.5,11,54,59.7,20.2,43,142.0,,
60,,,No,FALSE,George Pickens,WR,DAL,10,,60,77.1,56,66.0,4,65,59.3,17.8,38,137.2,,
61,,,No,FALSE,Sam LaPorta,TE,DET,8,,61,48.2,55,56.0,6,37,49.5,-1.3,38,115.8,,
62,,,No,FALSE,Patrick Mahomes,QB,KC,10,,62,51.8,60,59.0,2,43,58.7,-6.9,51,315.2,,
63,,,No,FALSE,Baker Mayfield,QB,TB,9,,63,62.2,72,72.0,-9,93,68.3,-6.1,44,307.2,,
64,,,No,FALSE,Rome Odunze,WR,CHI,5,,64,91.4,78,80.5,-14,39,80.5,10.9,20,119.4,,
65,,,No,FALSE,Tetairoa McMillan,WR,CAR,14,,65,88.3,65,56.5,0,29,62.0,26.3,19,118.4,,
66,,,No,FALSE,Travis Hunter,WR,JAX,8,,66,71.2,75,68.5,-9,30,63.2,8.0,22,120.7,,
67,,,No,FALSE,TreVeyon Henderson,RB,NE,14,,67,85.2,59,56.0,8,45,65.5,19.7,67,154.9,,
68,,,No,FALSE,Aaron Jones Sr.,RB,MIN,6,,68,81.3,66,63.0,2,118,69.1,12.2,73,161.0,,
69,,,No,FALSE,T.J. Hockenson,TE,MIN,6,,69,66.7,74,66.0,-5,58,57.4,9.3,28,106.4,,
70,,,No,FALSE,David Montgomery,RB,DET,8,,70,72.5,52,56.5,18,79,56.7,15.8,76,164.6,,
71,,,No,FALSE,Kaleb Johnson,RB,PIT,5,,71,88.4,68,68.0,3,60,81.5,6.9,56,144.4,,
72,,,No,FALSE,RJ Harvey,RB,DEN,12,,72,94.7,64,54.5,8,66,61.1,33.6,53,141.6,,
73,,,No,FALSE,Chris Godwin,WR,TB,9,Out: Aug 16,73,101.7,94,76.5,-21,92,77.6,24.1,23,122.1,,
74,,,No,FALSE,Jakobi Meyers,WR,LV,8,,74,99.3,96,93.0,-22,108,82.8,16.5,29,128.3,,
75,,,No,FALSE,Chris Olave,WR,NO,11,Q: Aug 17,75,100.6,76,72.0,-1,52,70.8,29.8,19,117.7,,
76,,,No,FALSE,Cooper Kupp,WR,SEA,8,,76,93.8,122,88.0,-46,130,87.8,6.0,16,113.4,,
77,,,No,FALSE,Stefon Diggs,WR,NE,14,Q: Aug 16,77,99.1,101,90.0,-24,120,89.7,9.4,18,116.5,,
78,,,No,FALSE,Matthew Golden,WR,GB,5,,78,101.0,130,95.5,-52,74,98.3,2.7,23,122.3,,
79,,,No,FALSE,Jordan Addison,WR,MIN,6,,79,107.4,82,76.0,-3,44,71.5,35.9,16,112.3,,
80,,,No,FALSE,Tony Pollard,RB,TEN,10,,80,100.2,67,69.5,13,97,77.0,23.2,67,154.9,,
81,,,No,FALSE,Isiah Pacheco,RB,KC,10,,81,89.4,63,63.5,18,102,64.3,25.1,56,144.3,,
82,,,No,FALSE,Tyrone Tracy Jr.,RB,NYG,14,,82,108.9,80,78.0,2,105,85.2,23.7,46,134.1,,
83,,,No,FALSE,Travis Kelce,TE,KC,10,,83,66.0,81,69.5,2,116,66.0,0.0,28,105.9,,
84,,,No,FALSE,David Njoku,TE,CLE,9,,84,81.6,93,103.5,-9,81,94.9,-13.3,23,101.0,,
85,,,No,FALSE,Mark Andrews,TE,BAL,7,,85,81.5,69,87.0,16,82,79.3,2.2,39,117.3,,
86,,,No,FALSE,Evan Engram,TE,DEN,12,,86,93.9,99,88.0,-13,103,88.9,5.0,5,83.6,,
87,,,No,FALSE,Bo Nix,QB,DEN,12,,87,80.2,73,79.5,14,63,76.3,3.9,33,296.5,,
88,,,No,FALSE,Kyler Murray,QB,ARI,8,,88,93.2,77,92.0,11,83,97.7,-4.6,44,308.0,,
89,,,No,FALSE,Brock Purdy,QB,SF,14,,89,96.5,86,112.0,3,90,109.8,-13.3,33,296.6,,
90,,,No,FALSE,Jaylen Warren,RB,PIT,5,,90,114.8,88,83.5,2,136,92.5,22.3,40,128.4,,
91,,,No,FALSE,Brian Robinson Jr.,RB,WSH,12,,91,105.7,71,79.5,20,100,83.0,22.7,56,143.8,,
92,,,No,FALSE,Javonte Williams,RB,DAL,10,,92,110.5,103,98.5,-11,149,106.3,4.2,32,119.8,,
93,,,No,FALSE,Rhamondre Stevenson,RB,NE,14,Q: Aug 16,93,119.2,105,107.5,-12,142,113.8,5.4,26,113.8,,
94,,,No,FALSE,Cam Skattebo,RB,NYG,14,Q: Aug 16,94,113.0,113,96.5,-19,110,100.3,12.7,18,104.4,,
95,,,No,FALSE,J.K. Dobbins,RB,DEN,12,,95,118.0,109,116.0,-14,176,123.1,-5.1,30,118.6,,
96,,,No,FALSE,Khalil Shakir,WR,BUF,7,Q: Aug 23,96,118.9,108,92.0,-12,91,83.1,35.8,15,109.8,,
97,,,No,FALSE,Jauan Jennings,WR,SF,14,Q: Aug 16,97,121.3,95,96.0,2,109,95.6,25.7,29,128.2,,
98,,,No,FALSE,Deebo Samuel,WR,WSH,12,,98,112.4,87,83.5,11,111,86.0,26.4,32,130.7,,
99,,,No,FALSE,Ricky Pearsall,WR,SF,14,,99,122.6,91,100.0,8,85,101.5,21.1,17,114.6,,
100,,,No,FALSE,Keon Coleman,WR,BUF,7,,100,120.9,126,125.5,-26,112,119.4,1.4,19,118.2,,
101,,,No,FALSE,Michael Pittman Jr.,WR,IND,11,,101,126.3,124,114.5,-23,98,115.5,10.8,14,107.7,,
102,,,No,FALSE,Jayden Reed,WR,GB,5,Q: Aug 16,102,127.3,84,100.0,18,96,99.2,28.1,27,126.0,,
103,,,No,FALSE,Justin Herbert,QB,LAC,12,,103,107.7,92,111.5,11,53,105.3,2.4,20,283.5,,
104,,,No,FALSE,Caleb Williams,QB,CHI,5,,104,127.4,97,104.5,7,67,118.5,8.9,13,276.9,,
105,,,No,FALSE,Dak Prescott,QB,DAL,10,,105,115.2,85,108.0,20,115,121.4,-6.2,14,278.0,,
106,,,No,FALSE,Justin Fields,QB,NYJ,9,,106,126.3,83,116.5,23,140,136.2,-9.9,26,290.0,,
107,,,No,FALSE,Keenan Allen,WR,FA,,,107,155.7,210,180.0,-103,213,215.2,-59.5,9,98.5,,
108,,,No,FALSE,Darnell Mooney,WR,ATL,5,Q: Aug 22,108,135.3,123,120.5,-15,121,111.5,23.8,16,112.4,,
109,,,No,FALSE,Josh Downs,WR,IND,11,,109,152.1,112,111.5,-3,86,101.8,50.3,9,99.2,,
110,,,No,FALSE,Rashid Shaheed,WR,NO,11,,110,135.5,129,144.0,-19,128,134.2,1.3,17,114.1,,
111,,,No,FALSE,Jayden Higgins,WR,HOU,6,,111,137.9,170,123.5,-59,89,116.0,21.9,3,86.2,,
112,,,No,FALSE,Emeka Egbuka,WR,TB,9,,112,128.6,114,114.0,-2,55,108.0,20.6,4,88.8,,
113,,,No,FALSE,Tucker Kraft,TE,GB,5,,113,114.5,90,115.0,23,77,117.4,-2.9,14,92.5,,
114,,,No,FALSE,Austin Ekeler,RB,WSH,12,,114,134.4,139,133.0,-25,218,151.3,-16.9,22,109.9,,
115,,,No,FALSE,Travis Etienne Jr.,RB,JAX,8,,115,129.6,98,89.5,17,117,93.1,36.5,21,108.8,,
116,,,No,FALSE,Tyjae Spears,RB,TEN,10,Q: Sep 7,116,141.5,116,108.0,0,144,124.7,16.8,16,100.7,,
117,,,No,FALSE,Tank Bigsby,RB,JAX,8,,117,140.9,104,119.0,13,152,142.0,-1.1,17,102.0,,
118,,,No,FALSE,Jerome Ford,RB,CLE,9,,118,145.9,141,134.5,-23,196,177.2,-31.3,11,91.1,,
119,,,No,FALSE,Rachaad White,RB,TB,9,Q: Aug 16,119,144.4,127,124.0,-8,147,137.9,6.5,17,101.5,,
120,,,No,FALSE,Jordan Mason,RB,MIN,6,,120,142.7,89,106.5,31,150,110.0,32.7,27,114.8,,
121,,,No,FALSE,Drake Maye,QB,NE,14,,121,151.7,102,127.5,19,64,139.9,11.8,5,261.2,,
122,,,No,FALSE,Jordan Love,QB,GB,5,Q: Aug 23,122,132.5,107,129.0,15,78,125.0,7.5,8,266.7,,
123,,,No,FALSE,Jared Goff,QB,DET,8,,123,125.8,100,98.5,23,114,91.8,34.0,15,278.5,,
124,,,No,FALSE,J.J. McCarthy,QB,MIN,6,,124,138.5,131,133.5,-7,104,141.4,-2.9,13,275.9,,
125,,,No,FALSE,Colston Loveland,TE,CHI,5,,125,126.1,132,113.0,-7,62,107.1,19.0,1,75.3,,
126,,,No,FALSE,Dallas Goedert,TE,PHI,9,,126,125.1,119,137.5,7,132,127.8,-2.7,8,85.7,,
127,,,No,FALSE,Jake Ferguson,TE,DAL,10,Q: Aug 16,127,138.5,133,122.5,-6,133,119.7,18.8,5,82.5,,
128,,,No,FALSE,Dalton Kincaid,TE,BUF,7,,128,136.9,115,128.5,13,84,113.1,23.8,5,83.3,,
129,,,No,FALSE,Tyler Warren,TE,IND,11,,129,133.8,110,109.5,19,59,95.2,38.6,10,88.4,,
130,,,No,FALSE,Trey Benson,RB,ARI,8,,130,159.5,138,139.5,-8,131,165.6,-6.1,13,95.2,,
131,,,No,FALSE,Quinshon Judkins,RB,CLE,9,,131,145.2,120,81.0,11,69,71.6,73.6,20,108.2,,
132,,,No,FALSE,Dylan Sampson,RB,CLE,9,,132,160.0,162,156.5,-30,166,171.9,-11.9,9,86.0,,
133,,,No,FALSE,Zach Charbonnet,RB,SEA,8,,133,153.4,111,103.0,22,125,112.4,41.0,19,107.2,,
134,,,No,FALSE,Tyler Allgeier,RB,ATL,5,,134,163.5,135,149.5,-1,183,175.1,-11.6,7,82.7,,
135,,,No,FALSE,Najee Harris,RB,LAC,12,Out: Aug 16,135,160.6,106,102.0,29,126,103.0,57.6,19,105.9,,
136,,,No,FALSE,Adam Thielen,WR,CAR,14,,136,155.9,166,183.5,-30,207,169.1,-13.2,4,89.0,,
137,,,No,FALSE,Xavier Legette,WR,CAR,14,,137,160.1,175,176.0,-38,156,178.8,-18.7,3,86.2,,
138,,,No,FALSE,Cedric Tillman,WR,CLE,9,,138,165.5,154,177.0,-16,139,188.2,-22.8,5,90.2,,
139,,,No,FALSE,Hollywood Brown,WR,KC,10,Q: Aug 15,139,165.5,158,151.5,-19,154,172.0,-6.5,6,92.6,,
140,,,No,FALSE,Brandon Aiyuk,WR,SF,14,Out: Sep 7,140,161.5,121,111.0,19,76,104.6,56.9,10,101.3,,
141,,,No,FALSE,Hunter Henry,TE,NE,14,Q: Aug 16,141,160.9,151,153.5,-10,173,167.7,-6.8,2,78.3,,
142,,,No,FALSE,Kyle Pitts Sr.,TE,ATL,5,,142,141.0,125,138.0,17,113,125.8,15.2,5,82.8,,
143,,,No,FALSE,Tua Tagovailoa,QB,MIA,12,,143,162.9,134,151.5,9,146,197.1,-34.2,0,250.8,,
144,,,No,FALSE,Matthew Stafford,QB,LAR,8,Q: Aug 16,144,163.2,143,164.0,1,178,191.6,-28.4,3,255.6,,
145,,,No,FALSE,C.J. Stroud,QB,HOU,6,,145,145.7,118,129.0,27,68,122.6,23.1,9,269.0,,
146,,,No,FALSE,Jaylen Wright,RB,MIA,12,,146,169.0,152,161.5,-6,168,197.1,-28.1,2,72.9,,
147,,,No,FALSE,Bhayshul Tuten,RB,JAX,8,,147,169.6,163,139.5,-16,135,145.1,24.5,2,71.9,,
148,,,No,FALSE,Braelon Allen,RB,NYJ,9,,148,168.1,147,156.5,1,159,195.4,-27.3,0,68.4,,
149,,,No,FALSE,Isaac Guerendo,RB,SF,14,Q: Aug 16,149,167.5,140,135.0,9,161,147.8,19.7,7,83.2,,
150,,,No,FALSE,MarShawn Lloyd,RB,GB,5,,150,170.3,177,202.5,-27,188,243.4,-73.1,2,72.2,,
151,,,No,FALSE,Ray Davis,RB,BUF,7,,151,169.1,128,139.0,23,164,166.7,2.4,9,87.1,,
152,,,No,FALSE,Jack Bech,WR,LV,8,,152,153.5,200,151.0,-48,119,164.9,-11.5,0,73.7,,
153,,,No,FALSE,Wan'Dale Robinson,WR,NYG,14,,153,169.1,188,181.5,-35,167,193.7,-24.6,0,79.6,,
154,,,No,FALSE,Marvin Mims Jr.,WR,DEN,12,,154,160.4,148,136.0,6,155,138.0,22.4,13,106.4,,
155,,,No,FALSE,Kyle Williams,WR,NE,14,,155,168.2,168,162.0,-13,129,143.8,24.4,0,67.2,,
156,,,No,FALSE,Rashod Bateman,WR,BAL,7,,156,166.9,136,166.5,20,145,163.3,3.6,11,102.0,,
157,,,No,FALSE,Luther Burden III,WR,CHI,5,,157,164.5,149,142.5,8,80,140.9,23.6,0,81.3,,
158,,,No,FALSE,Jalen McMillan,WR,TB,9,,158,169.5,165,165.0,-7,122,176.0,-6.5,0,74.9,,
159,,,No,FALSE,Tre Harris,WR,LAC,12,,159,164.7,155,135.5,4,95,133.7,31.0,0,80.5,,
160,,,No,FALSE,Roschon Johnson,RB,CHI,5,Q: Aug 17,160,170.0,161,181.0,-1,199,202.9,-32.9,5,79.3,,
161,,,No,FALSE,Jaydon Blue,RB,DAL,10,Q: Aug 16,161,167.3,146,125.5,15,169,135.0,32.3,6,79.6,,
162,,,No,FALSE,Will Shipley,RB,PHI,9,,162,170.1,226,219.0,-64,234,220.7,-50.6,0,35.5,,
163,,,No,FALSE,Michael Wilson,WR,ARI,8,,163,170.5,202,248.0,-39,209,252.0,-81.5,0,76.4,,
164,,,No,FALSE,Pat Bryant,WR,DEN,12,,164,170.3,243,224.0,-79,208,208.8,-38.5,0,53.0,,
165,,,No,FALSE,Chig Okonkwo,TE,TEN,10,,165,168.2,207,199.5,-42,197,215.8,-47.6,0,65.6,,
166,,,No,FALSE,Darren Waller,TE,MIA,12,Out: Aug 16,166,168.6,289,224.0,-123,384,229.5,-60.9,2,78.2,,
167,,,No,FALSE,Zach Ertz,TE,WSH,12,,167,161.0,160,159.5,7,201,149.9,11.1,6,84.4,,
168,,,No,FALSE,Jonnu Smith,TE,PIT,5,,168,163.7,142,111.0,26,141,89.3,74.4,1,74.7,,
169,,,No,FALSE,Texans D/ST,DST,HOU,6,,169,95.5,183,196.0,-14,312,183.3,-87.8,0,0.0,,
170,,,No,FALSE,Steelers D/ST,DST,PIT,5,,170,97.5,171,173.5,-1,282,131.7,-34.2,0,0.0,,
171,,,No,FALSE,Broncos D/ST,DST,DEN,12,,171,98.8,156,159.0,15,286,153.0,-54.2,0,0.0,,
172,,,No,FALSE,Vikings D/ST,DST,MIN,6,,172,119.4,176,185.5,-4,303,159.1,-39.8,0,0.0,,
173,,,No,FALSE,Seahawks D/ST,DST,SEA,8,,173,138.4,204,257.5,-31,361,185.1,-46.8,0,0.0,,
174,,,No,FALSE,Ravens D/ST,DST,BAL,7,,174,118.6,173,193.0,1,328,152.8,-34.2,0,0.0,,
175,,,No,FALSE,Patriots D/ST,DST,NE,14,,175,148.8,322,272.5,-147,311,233.7,-84.9,0,0.0,,
176,,,No,FALSE,Lions D/ST,DST,DET,8,,176,136.8,189,215.5,-13,381,179.6,-42.9,0,0.0,,
177,,,No,FALSE,Eagles D/ST,DST,PHI,9,,177,126.6,169,161.0,8,285,129.2,-2.6,0,0.0,,
178,,,No,FALSE,Bills D/ST,DST,BUF,7,,178,149.8,187,208.5,-9,313,179.6,-29.8,0,0.0,,
179,,,No,FALSE,Colts D/ST,DST,IND,11,,179,163.4,402,292.0,-223,NA,275.4,-112.0,0,0.0,,
180,,,No,FALSE,Jets D/ST,DST,NYJ,9,,180,165.2,216,274.0,-36,391,230.2,-65.0,0,0.0,,
181,,,No,FALSE,Jake Bates,K,DET,8,,181,106.6,191,213.0,-10,367,130.0,-23.4,0,0.0,,
182,,,No,FALSE,Chase McLaughlin,K,TB,9,,182,116.9,209,242.5,-27,370,155.6,-38.7,0,0.0,,
183,,,No,FALSE,Cameron Dicker,K,LAC,12,,183,122.0,193,201.5,-10,326,131.2,-9.2,0,0.0,,
184,,,No,FALSE,Brandon Aubrey,K,DAL,10,,184,108.9,186,189.0,-2,274,128.4,-19.5,0,0.0,,
185,,,No,FALSE,Jason Sanders,K,MIA,12,,185,147.7,232,256.5,-47,363,272.8,-125.1,0,0.0,,
186,,,No,FALSE,Tyler Bass,K,BUF,7,Q: Aug 17,186,150.4,227,240.5,-41,341,160.5,-10.1,0,0.0,,
187,,,No,FALSE,Jake Elliott,K,PHI,9,,187,141.5,231,254.5,-44,334,161.2,-19.7,0,0.0,,
188,,,No,FALSE,Chris Boswell,K,PIT,5,,188,141.1,206,249.5,-18,327,155.5,-14.4,0,0.0,,
189,,,No,FALSE,Harrison Butker,K,KC,10,,189,148.1,217,227.0,-28,284,158.5,-10.4,0,0.0,,
190,,,No,FALSE,Cairo Santos,K,CHI,5,,190,164.8,423,NA,-233,368,NA,#VALUE!,0,0.0,,
191,,,No,FALSE,Tyler Loop,K,BAL,7,,191,163.9,327,274.5,-136,NA,182.9,-19.0,0,0.0,,
192,,,No,FALSE,Matt Gay,K,WSH,12,,192,164.3,266,257.0,-74,305,NA,#VALUE!,0,0.0,,
193,,,No,FALSE,Christian Kirk,WR,HOU,6,,193,169.6,137,147.5,56,143,146.3,23.3,2,84.8,,
194,,,No,FALSE,Romeo Doubs,WR,GB,5,,194,169.5,159,191.5,35,151,209.0,-39.5,1,82.2,,
195,,,No,FALSE,Justice Hill,RB,BAL,7,,195,169.8,230,181.5,-35,275,214.2,-44.4,0,58.7,,
196,,,No,FALSE,Kareem Hunt,RB,KC,10,,196,169.1,197,196.5,-1,267,203.6,-34.5,0,68.3,,
197,,,No,FALSE,Tyler Lockett,WR,TEN,10,,197,169.5,236,252.5,-39,236,221.8,-52.3,0,77.8,,
198,,,No,FALSE,Trevor Lawrence,QB,JAX,8,,198,165.9,117,141.5,81,99,167.1,-1.2,5,260.4,,
199,,,No,FALSE,Cameron Ward,QB,TEN,10,,199,162.0,184,163.5,15,124,149.5,12.5,0,241.5,,
200,,,No,FALSE,Michael Penix Jr.,QB,ATL,5,,200,166.2,150,162.0,50,123,170.3,-4.1,0,250.5,,
201,,,No,FALSE,DeMario Douglas,WR,NE,14,,201,170.2,180,190.5,21,186,206.1,-35.9,0,75.5,,
202,,,No,FALSE,Nick Westbrook-Ikhine,WR,MIA,12,,202,170.5,258,NA,-56,272,NA,#VALUE!,0,64.5,,
203,,,No,FALSE,Joshua Palmer,WR,BUF,7,,203,170.3,179,195.0,24,180,200.8,-30.5,0,78.6,,
204,,,No,FALSE,Diontae Johnson,WR,CLE,9,,204,170.5,248,277.0,-44,204,266.5,-96.0,0,65.4,,
205,,,No,FALSE,Brandin Cooks,WR,NO,11,,205,170.4,265,291.0,-60,261,NA,#VALUE!,0,60.7,,
206,,,No,FALSE,Brenton Strange,TE,JAX,8,,206,169.5,182,170.5,24,181,173.2,-3.7,0,73.4,,
207,,,No,FALSE,Mike Gesicki,TE,CIN,10,Q: Aug 18,207,168.8,199,190.0,8,190,191.0,-22.2,0,72.6,,
208,,,No,FALSE,Darius Slayton,WR,NYG,14,Q: Aug 16,208,170.4,208,252.5,0,229,253.9,-83.5,0,64.5,,
209,,,No,FALSE,DeAndre Hopkins,WR,BAL,7,,209,168.9,174,168.5,35,195,201.1,-32.2,0,64.9,,
210,,,No,FALSE,Quentin Johnston,WR,LAC,12,,210,168.9,164,185.0,46,170,199.2,-30.3,0,79.5,,
211,,,No,FALSE,Dont'e Thornton Jr.,WR,LV,8,,211,170.0,297,260.0,-86,253,189.9,-19.9,0,53.2,,
212,,,No,FALSE,Blake Corum,RB,LAR,8,,212,170.2,172,199.0,40,184,209.9,-39.7,0,59.2,,
213,,,No,FALSE,Nick Chubb,RB,HOU,6,Q: Aug 16,213,163.5,144,146.5,69,215,143.4,20.1,7,82.0,,
214,,,No,FALSE,Woody Marks,RB,HOU,6,,214,170.4,246,223.0,-32,239,250.7,-80.3,0,55.4,,
215,,,No,FALSE,Elijah Arroyo,TE,SEA,8,,215,169.5,241,218.5,-26,158,203.9,-34.4,0,59.7,,
216,,,No,FALSE,Mason Taylor,TE,NYJ,9,,216,170.0,218,175.0,-2,134,196.6,-26.6,0,58.8,,
217,,,No,FALSE,Cade Otton,TE,TB,9,Q: Aug 16,217,169.4,192,177.0,25,163,205.3,-35.9,1,76.2,,
218,,,No,FALSE,Bryce Young,QB,CAR,14,,218,166.9,145,163.5,73,138,190.5,-23.6,0,244.6,,
219,,,No,FALSE,Geno Smith,QB,LV,8,,219,169.0,167,175.0,52,175,211.3,-42.3,0,248.3,,
220,,,No,FALSE,Anthony Richardson Sr.,QB,IND,11,,220,168.9,220,181.5,0,162,213.3,-44.4,0,197.1,,
221,,,No,FALSE,Kendre Miller,RB,NO,11,,221,170.3,195,269.5,26,232,287.5,-117.2,0,67.6,,
222,,,No,FALSE,Rico Dowdle,RB,CAR,14,,222,170.1,153,140.5,69,182,173.0,-2.9,6,81.0,,
223,,,No,FALSE,Raheem Mostert,RB,LV,8,,223,170.1,251,251.0,-28,302,242.4,-72.3,0,60.0,,
224,,,No,FALSE,Adonai Mitchell,WR,IND,11,,224,170.2,214,268.0,10,174,262.5,-92.3,0,52.1,,
225,,,No,FALSE,Miles Sanders,RB,DAL,10,Q: Aug 16,225,170.2,215,212.5,10,263,238.7,-68.5,0,64.6,,
226,,,No,FALSE,DJ Giddens,RB,IND,11,,226,170.3,224,205.0,2,202,221.3,-51.0,0,28.0,,
227,,,No,FALSE,Amari Cooper,WR,FA,,,227,170.2,276,246.5,-49,211,245.4,-75.2,0,0.0,,
228,,,No,FALSE,Gabe Davis,WR,FA,,,228,170.3,310,NA,-82,297,NA,#VALUE!,0,0.0,,
229,,,No,FALSE,Dyami Brown,WR,JAX,8,,229,170.3,271,248.5,-42,247,245.6,-75.3,0,70.8,,
230,,,No,FALSE,Josh Reynolds,WR,NYJ,9,,230,170.3,343,NA,-113,385,NA,#VALUE!,0,55.0,,
231,,,No,FALSE,Ray-Ray McCloud III,WR,ATL,5,,231,170.2,337,NA,-106,352,NA,#VALUE!,0,60.5,,
232,,,No,FALSE,Tutu Atwell,WR,LAR,8,,232,170.2,328,297.0,-96,271,296.7,-126.5,0,65.4,,
233,,,No,FALSE,Calvin Austin III,WR,PIT,5,Q: Aug 16,233,170.1,221,259.0,12,244,235.0,-64.9,0,76.3,,
234,,,No,FALSE,Christian Watson,WR,GB,5,Out: Aug 16,234,170.1,290,289.0,-56,185,287.9,-117.8,0,51.4,,
235,,,No,FALSE,Giants D/ST,DST,NYG,14,,235,166.4,354,245.0,-119,NA,231.9,-65.5,0,0.0,,
236,,,No,FALSE,Buccaneers D/ST,DST,TB,9,,236,167.6,264,239.5,-28,NA,184.0,-16.4,0,0.0,,
237,,,No,FALSE,Ka'imi Fairbairn,K,HOU,6,,237,164.5,205,215.0,32,336,161.8,2.6,0,0.0,,
238,,,No,FALSE,Joshua Karty,K,LAR,8,,238,169.5,263,301.0,-25,304,NA,#VALUE!,0,0.0,,
239,,,No,FALSE,Trevor Etienne,RB,CAR,14,,239,170.2,260,254.5,-21,245,293.9,-123.8,0,37.8,,
240,,,No,FALSE,Jarquez Hunter,RB,LAR,8,,240,170.2,239,204.5,1,192,217.8,-47.6,0,43.8,,
241,,,No,FALSE,Sincere McCormick,RB,LV,8,,241,170.2,295,NA,-54,308,NA,#VALUE!,0,19.5,,
242,,,No,FALSE,Antonio Gibson,RB,NE,14,,242,170.2,267,264.0,-25,273,NA,#VALUE!,0,42.7,,
243,,,No,FALSE,Jaleel McLaughlin,RB,DEN,12,,243,170.2,244,239.0,-1,241,299.2,-129.0,0,34.5,,
244,,,No,FALSE,Devin Singletary,RB,NYG,14,,244,170.2,257,301.0,-13,262,NA,#VALUE!,0,36.6,,
245,,,No,FALSE,Samaje Perine,RB,CIN,10,,245,170.1,346,290.0,-101,408,NA,#VALUE!,0,53.8,,
246,,,No,FALSE,Ty Johnson,RB,BUF,7,,246,170.2,282,298.0,-36,331,NA,#VALUE!,0,52.1,,
247,,,No,FALSE,Elijah Mitchell,RB,KC,10,,247,170.1,245,251.0,2,283,286.0,-115.9,0,42.1,,
248,,,No,FALSE,Kenneth Gainwell,RB,PIT,5,,248,170.1,268,306.0,-20,316,NA,#VALUE!,0,33.9,,
249,,,No,FALSE,Ollie Gordon II,RB,MIA,12,,249,170.2,255,265.0,-6,246,NA,#VALUE!,0,21.1,,
250,,,No,FALSE,Sean Tucker,RB,TB,9,,250,170.2,275,307.0,-25,287,NA,#VALUE!,0,33.3,,
251,,,No,FALSE,Clyde Edwards-Helaire,RB,NO,11,,251,170.2,407,NA,-156,NA,NA,#VALUE!,0,18.0,,
252,,,No,FALSE,Noah Brown,WR,WSH,12,,252,170.1,345,NA,-93,343,NA,#VALUE!,0,51.2,,
253,,,No,FALSE,Allen Lazard,WR,NYJ,9,Q: Aug 22,253,170.2,384,NA,-131,403,NA,#VALUE!,0,58.9,,
254,,,No,FALSE,Cardinals D/ST,DST,ARI,8,,254,168.5,332,258.0,-78,301,NA,#VALUE!,0,0.0,,
255,,,No,FALSE,Packers D/ST,DST,GB,5,,255,167.2,212,251.0,43,356,227.6,-60.4,0,0.0,,
256,,,No,FALSE,Brandon McManus,K,GB,5,,256,168.6,364,234.0,-108,317,NA,#VALUE!,0,0.0,,
257,,,No,FALSE,Evan McPherson,K,CIN,10,,257,166.8,219,250.5,38,339,187.0,-20.2,0,0.0,,
258,,,No,FALSE,Pat Freiermuth,TE,PIT,5,,258,168.4,190,192.5,68,148,194.2,-25.8,0,65.9,,
259,,,No,FALSE,Dalton Schultz,TE,HOU,6,,259,169.4,223,206.5,36,212,219.1,-49.7,0,69.4,,
260,,,No,FALSE,Tyler Higbee,TE,LAR,8,,260,169.7,313,282.5,-53,260,290.1,-120.4,0,64.5,,
261,,,No,FALSE,Alec Pierce,WR,IND,11,Q: Aug 16,261,170.2,181,207.5,80,198,218.9,-48.8,0,72.5,,
262,,,No,FALSE,KaVontae Turpin,WR,DAL,10,,262,169.8,344,NA,-82,386,NA,#VALUE!,0,37.8,,
263,,,No,FALSE,Andrei Iosivas,WR,CIN,10,,263,170.0,225,277.0,38,216,280.1,-110.1,0,56.5,,
264,,,No,FALSE,Jalen Tolbert,WR,DAL,10,,264,170.1,256,303.5,8,228,NA,#VALUE!,0,61.7,,
265,,,No,FALSE,Keaton Mitchell,RB,BAL,7,Q: Aug 16,265,170.1,238,282.0,27,249,281.7,-111.6,0,48.0,,
266,,,No,FALSE,Kyle Juszczyk,RB,SF,14,Q: Aug 16,266,170.0,401,NA,-135,NA,NA,#VALUE!,0,25.0,,
267,,,No,FALSE,Sam Darnold,QB,SEA,8,,267,168.9,178,179.5,89,153,212.8,-43.9,0,245.6,,
268,,,No,FALSE,Aaron Rodgers,QB,PIT,5,,268,168.3,203,183.0,65,252,207.8,-39.5,0,227.0,,
269,,,No,FALSE,Russell Wilson,QB,NYG,14,,269,169.7,250,203.5,19,217,251.7,-82.0,0,188.7,,
270,,,No,FALSE,Tyler Shough,QB,NO,11,,270,170.0,292,221.5,-22,203,255.2,-85.2,0,172.7,,
271,,,No,FALSE,Jaylin Noel,WR,HOU,6,,271,170.2,228,229.5,43,137,223.9,-53.7,0,47.6,,
272,,,No,FALSE,Jalen Coker,WR,CAR,14,,272,170.1,194,242.0,78,179,244.7,-74.6,0,54.5,,
273,,,No,FALSE,Tre Tucker,WR,LV,8,,273,170.1,284,272.0,-11,278,NA,#VALUE!,0,57.4,,
274,,,No,FALSE,Van Jefferson,WR,TEN,10,,274,170.1,393,NA,-119,NA,NA,#VALUE!,0,42.0,,
275,,,No,FALSE,Greg Dortch,WR,ARI,8,,275,170.1,381,NA,-106,383,NA,#VALUE!,0,41.8,,
276,,,No,FALSE,Emari Demercado,RB,ARI,8,,276,170.2,390,NA,-114,NA,NA,#VALUE!,0,19.0,,
277,,,No,FALSE,Kyle Monangai,RB,CHI,5,,277,170.1,213,188.0,64,235,249.6,-79.5,0,35.3,,
278,,,No,FALSE,Devin Neal,RB,NO,11,Q: Aug 17,278,170.1,222,217.5,56,206,225.6,-55.5,0,35.7,,
279,,,No,FALSE,Alec Ingold,RB,MIA,12,Q: Aug 16,279,170.1,406,NA,-127,NA,NA,#VALUE!,0,14.0,,
280,,,No,FALSE,Dare Ogunbowale,RB,HOU,6,,280,170.1,NA,NA,0,NA,NA,#VALUE!,0,8.4,,
281,,,No,FALSE,Brashard Smith,RB,KC,10,,282,170.1,261,205.0,21,221,224.8,-54.7,0,26.1,,
282,,,No,FALSE,Jordan Whittington,WR,LAR,8,,284,170.1,335,282.0,-51,233,292.7,-122.6,0,55.4,,
283,,,No,FALSE,Chiefs D/ST,DST,KC,10,,285,165.7,185,212.0,100,388,185.0,-19.3,0,0.0,,
284,,,No,FALSE,Bears D/ST,DST,CHI,5,,286,168.7,299,267.0,-13,372,NA,#VALUE!,0,0.0,,
285,,,No,FALSE,Jason Myers,K,SEA,8,,287,169.5,315,NA,-28,377,NA,#VALUE!,0,0.0,,
286,,,No,FALSE,Wil Lutz,K,DEN,12,,288,168.8,198,258.5,90,321,227.9,-59.1,0,0.0,,
287,,,No,FALSE,Theo Johnson,TE,NYG,14,,289,170.0,283,252.5,6,193,254.5,-84.5,0,63.0,,
288,,,No,FALSE,Isaiah Likely,TE,BAL,7,Q: Aug 16,290,167.8,157,161.5,133,127,148.9,18.9,2,77.0,,
289,,,No,FALSE,Juwan Johnson,TE,NO,11,,291,170.1,235,241.5,56,220,256.9,-86.8,0,69.5,,
290,,,No,FALSE,Ja'Tavion Sanders,TE,CAR,14,,292,169.9,234,237.5,58,187,248.9,-79.0,0,50.6,,
291,,,No,FALSE,Tyler Conklin,TE,LAC,12,,293,170.0,324,256.0,-31,266,298.1,-128.1,0,50.0,,
292,,,No,FALSE,Jalen Nailor,WR,MIN,6,,294,170.0,288,253.0,6,338,NA,#VALUE!,0,50.0,,
293,,,No,FALSE,Marquez Valdes-Scantling,WR,SEA,8,,295,170.1,340,299.0,-45,396,289.8,-119.8,0,64.9,,
294,,,No,FALSE,Daniel Jones,QB,IND,11,,296,170.1,277,228.5,19,238,259.1,-89.0,0,104.7,,
295,,,No,FALSE,Rams D/ST,DST,LAR,8,,297,168.9,201,242.5,96,276,233.7,-64.8,0,0.0,,
296,,,No,FALSE,49ers D/ST,DST,SF,14,,298,165.7,229,202.0,69,380,157.4,8.3,0,0.0,,
297,,,No,FALSE,Dolphins D/ST,DST,MIA,12,,299,169.7,329,251.0,-30,330,273.4,-103.7,0,0.0,,
298,,,No,FALSE,Chargers D/ST,DST,LAC,12,,300,169.0,196,258.5,104,365,271.0,-102.0,0,0.0,,
299,,,No,FALSE,Jaxson Dart,QB,NYG,14,,301,169.3,306,228.0,-5,160,241.0,-71.7,0,52.2,,
300,,,No,FALSE,Kenny Pickett,QB,CLE,9,Q: Aug 16,302,170.0,367,NA,-65,354,NA,#VALUE!,0,64.3,,
301,,,No,FALSE,Isaiah Davis,RB,NYJ,9,Q: Aug 16,303,170.1,285,319.0,18,265,NA,#VALUE!,0,28.9,,
302,,,No,FALSE,Jordan James,RB,SF,14,Q: Aug 16,304,170.1,274,253.5,30,242,257.1,-87.0,0,28.3,,
303,,,No,FALSE,Chris Brooks,RB,GB,5,,305,170.1,311,NA,-6,NA,NA,#VALUE!,0,20.3,,
304,,,No,FALSE,Hunter Luepke,RB,DAL,10,,306,170.1,NA,NA,0,NA,NA,#VALUE!,0,5.5,,
305,,,No,FALSE,Pierre Strong Jr.,RB,CLE,9,Q: Aug 16,307,170.1,460,NA,-153,NA,NA,#VALUE!,0,10.7,,
306,,,No,FALSE,AJ Dillon,RB,PHI,9,,308,169.9,333,NA,-25,342,NA,#VALUE!,0,0.0,,
307,,,No,FALSE,Emanuel Wilson,RB,GB,5,,309,170.1,312,312.0,-3,NA,NA,#VALUE!,0,35.9,,
308,,,No,FALSE,Dillon Gabriel,QB,CLE,9,,310,170.0,368,NA,-58,322,NA,#VALUE!,0,44.7,,
309,,,No,FALSE,Michael Mayer,TE,LV,8,,311,170.0,352,NA,-41,257,299.4,-129.5,0,35.1,,
310,,,No,FALSE,Noah Fant,TE,FA,,,312,169.9,286,284.0,26,237,NA,#VALUE!,0,51.3,,
311,,,No,FALSE,Ben Sinnott,TE,WSH,12,,313,170.0,316,285.0,-3,194,289.1,-119.1,0,29.7,,
312,,,No,FALSE,Terrance Ferguson,TE,LAR,8,Q: Aug 16,314,169.9,294,243.5,20,157,239.0,-69.1,0,34.2,,
313,,,No,FALSE,Shedeur Sanders,QB,CLE,9,,315,168.4,323,227.0,-8,243,236.4,-68.0,0,33.9,,
314,,,No,FALSE,Joe Flacco,QB,CLE,9,,316,169.9,293,245.5,23,332,284.5,-114.6,0,116.5,,
315,,,No,FALSE,Spencer Rattler,QB,NO,11,,317,170.0,348,222.0,-31,314,NA,#VALUE!,0,72.4,,
316,,,No,FALSE,Kirk Cousins,QB,ATL,5,,318,169.8,357,261.5,-39,277,NA,#VALUE!,0,6.6,,
317,,,No,FALSE,Jalen Milroe,QB,SEA,8,,319,169.7,341,251.5,-22,205,283.7,-114.0,0,25.7,,
318,,,No,FALSE,Zack Moss,RB,FA,,,320,170.3,309,250.0,11,289,291.2,-120.9,0,0.0,,
319,,,No,FALSE,Khalil Herbert,RB,IND,11,Q: Aug 16,321,170.0,272,297.0,49,280,NA,#VALUE!,0,51.7,,
320,,,No,FALSE,AJ Barner,TE,SEA,8,,323,169.9,356,NA,-33,323,NA,#VALUE!,0,44.5,,
321,,,No,FALSE,Will Dissly,TE,LAC,12,,324,169.9,318,NA,6,290,NA,#VALUE!,0,52.0,,
322,,,No,FALSE,Noah Gray,TE,KC,10,,325,169.8,273,261.0,52,240,260.7,-90.9,0,44.0,,
323,,,No,FALSE,Dawson Knox,TE,BUF,7,,326,169.7,339,NA,-13,346,NA,#VALUE!,0,35.2,,
324,,,No,FALSE,Cole Kmet,TE,CHI,5,,327,169.7,242,253.0,85,189,261.8,-92.1,0,41.9,,
325,,,No,FALSE,Austin Hooper,TE,NE,14,,328,169.9,372,NA,-44,395,NA,#VALUE!,0,35.8,,
326,,,No,FALSE,Harold Fannin Jr.,TE,CLE,9,,329,169.9,279,265.0,50,172,NA,#VALUE!,0,29.9,,
327,,,No,FALSE,Luke Musgrave,TE,GB,5,,330,169.8,349,NA,-19,269,NA,#VALUE!,0,27.0,,
328,,,No,FALSE,Foster Moreau,TE,NO,11,Out: Aug 17,331,170.0,388,NA,-57,NA,NA,#VALUE!,0,37.2,,
329,,,No,FALSE,Tommy Tremble,TE,CAR,14,Out: Aug 16,332,170.0,391,NA,-59,NA,NA,#VALUE!,0,27.6,,
330,,,No,FALSE,Oronde Gadsden II,TE,LAC,12,,333,170.0,298,288.0,35,226,NA,#VALUE!,0,29.3,,
331,,,No,FALSE,Josh Oliver,TE,MIN,6,,334,169.9,420,NA,-86,NA,NA,#VALUE!,0,22.3,,
332,,,No,FALSE,Tyrod Taylor,QB,NYJ,9,Q: Sep 7,335,170.0,396,NA,-61,NA,NA,#VALUE!,0,8.9,,
333,,,No,FALSE,Mason Rudolph,QB,PIT,5,,336,170.0,394,NA,-58,359,NA,#VALUE!,0,18.0,,
334,,,No,FALSE,Gardner Minshew,QB,KC,10,,337,170.0,NA,NA,0,392,NA,#VALUE!,0,9.8,,
335,,,No,FALSE,Jameis Winston,QB,NYG,14,,338,169.9,359,NA,-21,300,NA,#VALUE!,0,14.7,,
336,,,No,FALSE,Jake Browning,QB,CIN,10,,339,170.0,465,NA,-126,NA,NA,#VALUE!,0,10.7,,
337,,,No,FALSE,Jimmy Garoppolo,QB,LAR,8,,340,170.0,432,NA,-92,NA,NA,#VALUE!,0,12.0,,
338,,,No,FALSE,Marcus Mariota,QB,WSH,12,Q: Aug 18,341,170.0,443,NA,-102,398,NA,#VALUE!,0,12.9,,
339,,,No,FALSE,Sam Howell,QB,MIN,6,,342,170.0,462,NA,-120,390,NA,#VALUE!,0,9.9,,
340,,,No,FALSE,Joe Milton III,QB,DAL,10,Q: Aug 16,343,169.9,426,NA,-83,333,NA,#VALUE!,0,9.5,,
341,,,No,FALSE,Kyle Trask,QB,TB,9,,344,170.0,NA,NA,0,NA,NA,#VALUE!,0,6.9,,
342,,,No,FALSE,Cam Little,K,JAX,8,,345,169.8,378,NA,-33,319,NA,#VALUE!,0,0.0,,
343,,,No,FALSE,Will Reichard,K,MIN,6,,346,169.2,319,277.0,27,288,270.0,-100.8,0,0.0,,
344,,,No,FALSE,Spencer Shrader,K,IND,11,,347,169.9,NA,NA,0,NA,NA,#VALUE!,0,0.0,,
345,,,No,FALSE,Ryan Fitzgerald,K,CAR,14,,348,169.9,NA,NA,0,NA,NA,#VALUE!,0,0.0,,
346,,,No,FALSE,Daniel Carlson,K,LV,8,,349,169.1,305,296.5,44,345,268.1,-99.0,0,0.0,,
347,,,No,FALSE,Chad Ryland,K,ARI,8,,350,169.9,380,NA,-30,NA,NA,#VALUE!,0,0.0,,
348,,,No,FALSE,Younghoe Koo,K,ATL,5,,351,167.3,237,282.0,114,309,181.2,-13.9,0,0.0,,
349,,,No,FALSE,Andy Borregales,K,NE,14,,352,169.7,NA,NA,0,NA,NA,#VALUE!,0,0.0,,
350,,,No,FALSE,Jake Moody,K,SF,14,,353,169.2,353,309.0,0,295,267.9,-98.7,0,0.0,,
351,,,No,FALSE,Blake Grupe,K,NO,11,,354,169.8,421,NA,-67,307,NA,#VALUE!,0,0.0,,
352,,,No,FALSE,Joey Slye,K,TEN,10,,355,169.9,NA,NA,0,NA,NA,#VALUE!,0,0.0,,
353,,,No,FALSE,Graham Gano,K,NYG,14,,356,169.7,NA,NA,0,NA,NA,#VALUE!,0,0.0,,
354,,,No,FALSE,Dustin Hopkins,K,CLE,9,,358,169.7,NA,NA,0,379,NA,#VALUE!,0,0.0,,
355,,,No,FALSE,Jaguars D/ST,DST,JAX,8,,359,169.6,NA,296.0,0,NA,277.1,-107.5,0,0.0,,
356,,,No,FALSE,Cowboys D/ST,DST,DAL,10,,360,167.5,252,258.5,108,306,269.2,-101.7,0,0.0,,
357,,,No,FALSE,Browns D/ST,DST,CLE,9,,361,169.2,270,300.0,91,389,NA,#VALUE!,0,0.0,,
358,,,No,FALSE,Titans D/ST,DST,TEN,10,,362,169.8,NA,240.0,0,NA,232.3,-62.5,0,0.0,,
359,,,No,FALSE,Falcons D/ST,DST,ATL,5,,363,169.5,403,NA,-40,364,NA,#VALUE!,0,0.0,,
360,,,No,FALSE,Saints D/ST,DST,NO,11,,364,169.7,NA,298.0,0,355,275.7,-106.0,0,0.0,,
361,,,No,FALSE,Commanders D/ST,DST,WSH,12,,365,168.8,370,218.5,-5,325,154.7,14.1,0,0.0,,
362,,,No,FALSE,Raiders D/ST,DST,LV,8,,366,169.5,NA,293.0,0,371,274.2,-104.7,0,0.0,,
363,,,No,FALSE,Bengals D/ST,DST,CIN,10,,367,169.3,417,271.0,-50,401,NA,#VALUE!,0,0.0,,
364,,,No,FALSE,Panthers D/ST,DST,CAR,14,,368,169.4,NA,NA,0,NA,NA,#VALUE!,0,0.0,,
365,,,No,FALSE,Malik Washington,WR,MIA,12,,369,170.1,278,NA,91,231,NA,#VALUE!,0,40.5,,
366,,,No,FALSE,Parker Washington,WR,JAX,8,,370,170.0,291,NA,79,256,NA,#VALUE!,0,37.9,,
367,,,No,FALSE,Elic Ayomanor,WR,TEN,10,,371,170.0,233,268.0,138,177,239.9,-69.9,0,47.4,,
368,,,No,FALSE,Jermaine Burton,WR,CIN,10,Q: Aug 18,372,169.9,307,276.0,65,254,299.5,-129.6,0,36.0,,
369,,,No,FALSE,Tim Patrick,WR,DET,8,,373,169.9,281,NA,92,382,NA,#VALUE!,0,37.6,,
370,,,No,FALSE,Derius Davis,WR,LAC,12,,407,170.0,469,NA,-62,NA,NA,#VALUE!,0,7.3,,
371,,,No,FALSE,Jashaun Corbin,RB,ATL,5,,428,170.0,NA,NA,0,NA,NA,#VALUE!,0,5.8,,
372,,,No,FALSE,Alexander Mattison,RB,MIA,12,IR: Feb 9,431,170.0,287,237.0,144,335,NA,#VALUE!,0,39.5,,
373,,,No,FALSE,Harrison Mevis,K,NYJ,9,,NA,NA,NA,NA,0,NA,NA,#VALUE!,0,0.0,,
374,,,No,FALSE,,,,,,NA,NA,NA,NA,0,NA,NA,#VALUE!,0,0.0,,
375,,,No,FALSE,,,,,,NA,NA,NA,NA,0,NA,NA,#VALUE!,0,0.0,,
376,,,No,FALSE,,,,,,NA,NA,NA,NA,0,NA,NA,#VALUE!,0,0.0,,
377,,,No,FALSE,,,,,,NA,NA,NA,NA,0,NA,NA,#VALUE!,0,0.0,,
378,,,No,FALSE,,,,,,NA,NA,NA,NA,0,NA,NA,#VALUE!,0,0.0,,
379,,,No,FALSE,,,,,,NA,NA,NA,NA,0,NA,NA,#VALUE!,0,0.0,,
380,,,No,FALSE,,,,,,NA,NA,NA,NA,0,NA,NA,#VALUE!,0,0.0,,
381,,,No,FALSE,,,,,,NA,NA,NA,NA,0,NA,NA,#VALUE!,0,0.0,,
382,,,No,FALSE,,,,,,NA,NA,NA,NA,0,NA,NA,#VALUE!,0,0.0,,
383,,,No,FALSE,,,,,,NA,NA,NA,NA,0,NA,NA,#VALUE!,0,0.0,,
384,,,No,FALSE,,,,,,NA,NA,NA,NA,0,NA,NA,#VALUE!,0,0.0,,
385,,,No,FALSE,,,,,,NA,NA,NA,NA,0,NA,NA,#VALUE!,0,0.0,,
386,,,No,FALSE,,,,,,NA,NA,NA,NA,0,NA,NA,#VALUE!,0,0.0,,
387,,,No,FALSE,,,,,,NA,NA,NA,NA,0,NA,NA,#VALUE!,0,0.0,,
388,,,No,FALSE,,,,,,NA,NA,NA,NA,0,NA,NA,#VALUE!,0,0.0,,
389,,,No,FALSE,,,,,,NA,NA,NA,NA,0,NA,NA,#VALUE!,0,0.0,,
390,,,No,FALSE,,,,,,NA,NA,NA,NA,0,NA,NA,#VALUE!,0,0.0,,
391,,,No,FALSE,,,,,,NA,NA,NA,NA,0,NA,NA,#VALUE!,0,0.0,,
392,,,No,FALSE,,,,,,NA,NA,NA,NA,0,NA,NA,#VALUE!,0,0.0,,
393,,,No,FALSE,,,,,,NA,NA,NA,NA,0,NA,NA,#VALUE!,0,0.0,,
394,,,No,FALSE,,,,,,NA,NA,NA,NA,0,NA,NA,#VALUE!,0,0.0,,
395,,,No,FALSE,,,,,,NA,NA,NA,NA,0,NA,NA,#VALUE!,0,0.0,,
396,,,No,FALSE,,,,,,NA,NA,NA,NA,0,NA,NA,#VALUE!,0,0.0,,
397,,,No,FALSE,,,,,,NA,NA,NA,NA,0,NA,NA,#VALUE!,0,0.0,,
398,,,No,FALSE,,,,,,NA,NA,NA,NA,0,NA,NA,#VALUE!,0,0.0,,
399,,,No,FALSE,,,,,,NA,NA,NA,NA,0,NA,NA,#VALUE!,0,0.0,,
400,,,No,FALSE,,,,,,NA,NA,NA,NA,0,NA,NA,#VALUE!,0,0.0,,
401,,,No,FALSE,,,,,,NA,NA,NA,NA,0,NA,NA,#VALUE!,0,0.0,,
402,,,No,FALSE,,,,,,NA,NA,NA,NA,0,NA,NA,#VALUE!,0,0.0,,
403,,,No,FALSE,,,,,,NA,NA,NA,NA,0,NA,NA,#VALUE!,0,0.0,,
404,,,No,FALSE,,,,,,NA,NA,NA,NA,0,NA,NA,#VALUE!,0,0.0,,
405,,,No,FALSE,,,,,,NA,NA,NA,NA,0,NA,NA,#VALUE!,0,0.0,,
406,,,No,FALSE,,,,,,NA,NA,NA,NA,0,NA,NA,#VALUE!,0,0.0,,
407,,,No,FALSE,,,,,,NA,NA,NA,NA,0,NA,NA,#VALUE!,0,0.0,,
408,,,No,FALSE,,,,,,NA,NA,NA,NA,0,NA,NA,#VALUE!,0,0.0,,
409,,,No,FALSE,,,,,,NA,NA,NA,NA,0,NA,NA,#VALUE!,0,0.0,,
410,,,No,FALSE,,,,,,NA,NA,NA,NA,0,NA,NA,#VALUE!,0,0.0,,
411,,,No,FALSE,,,,,,NA,NA,NA,NA,0,NA,NA,#VALUE!,0,0.0,,
412,,,No,FALSE,,,,,,NA,NA,NA,NA,0,NA,NA,#VALUE!,0,0.0,,
413,,,No,FALSE,,,,,,NA,NA,NA,NA,0,NA,NA,#VALUE!,0,0.0,,
414,,,No,FALSE,,,,,,NA,NA,NA,NA,0,NA,NA,#VALUE!,0,0.0,,
415,,,No,FALSE,,,,,,NA,NA,NA,NA,0,NA,NA,#VALUE!,0,0.0,,
416,,,No,FALSE,,,,,,NA,NA,NA,NA,0,NA,NA,#VALUE!,0,0.0,,
417,,,No,FALSE,,,,,,NA,NA,NA,NA,0,NA,NA,#VALUE!,0,0.0,,
418,,,No,FALSE,,,,,,NA,NA,NA,NA,0,NA,NA,#VALUE!,0,0.0,,
419,,,No,FALSE,,,,,,NA,NA,NA,NA,0,NA,NA,#VALUE!,0,0.0,,
420,,,No,FALSE,,,,,,NA,NA,NA,NA,0,NA,NA,#VALUE!,0,0.0,,
421,,,No,FALSE,,,,,,NA,NA,NA,NA,0,NA,NA,#VALUE!,0,0.0,,
422,,,No,FALSE,,,,,,NA,NA,NA,NA,0,NA,NA,#VALUE!,0,0.0,,
423,,,No,FALSE,,,,,,NA,NA,NA,NA,0,NA,NA,#VALUE!,0,0.0,,
424,,,No,FALSE,,,,,,NA,NA,NA,NA,0,NA,NA,#VALUE!,0,0.0,,
425,,,No,FALSE,,,,,,NA,NA,NA,NA,0,NA,NA,#VALUE!,0,0.0,,
426,,,No,FALSE,,,,,,NA,NA,NA,NA,0,NA,NA,#VALUE!,0,0.0,,
427,,,No,FALSE,,,,,,NA,NA,NA,NA,0,NA,NA,#VALUE!,0,0.0,,
428,,,No,FALSE,,,,,,NA,NA,NA,NA,0,NA,NA,#VALUE!,0,0.0,,
429,,,No,FALSE,,,,,,NA,NA,NA,NA,0,NA,NA,#VALUE!,0,0.0,,
430,,,No,FALSE,,,,,,NA,NA,NA,NA,0,NA,NA,#VALUE!,0,0.0,,
431,,,No,FALSE,,,,,,NA,NA,NA,NA,0,NA,NA,#VALUE!,0,0.0,,
432,,,No,FALSE,,,,,,NA,NA,NA,NA,0,NA,NA,#VALUE!,0,0.0,,
433,,,No,FALSE,,,,,,NA,NA,NA,NA,0,NA,NA,#VALUE!,0,0.0,,
434,,,No,FALSE,,,,,,NA,NA,NA,NA,0,NA,NA,#VALUE!,0,0.0,,
435,,,No,FALSE,,,,,,NA,NA,NA,NA,0,NA,NA,#VALUE!,0,0.0,,
436,,,No,FALSE,,,,,,NA,NA,NA,NA,0,NA,NA,#VALUE!,0,0.0,,
437,,,No,FALSE,,,,,,NA,NA,NA,NA,0,NA,NA,#VALUE!,0,0.0,,
438,,,No,FALSE,,,,,,NA,NA,NA,NA,0,NA,NA,#VALUE!,0,0.0,,
439,,,No,FALSE,,,,,,NA,NA,NA,NA,0,NA,NA,#VALUE!,0,0.0,,
440,,,No,FALSE,,,,,,NA,NA,NA,NA,0,NA,NA,#VALUE!,0,0.0,,
441,,,No,FALSE,,,,,,NA,NA,NA,NA,0,NA,NA,#VALUE!,0,0.0,,
442,,,No,FALSE,,,,,,NA,NA,NA,NA,0,NA,NA,#VALUE!,0,0.0,,
443,,,No,FALSE,,,,,,NA,NA,NA,NA,0,NA,NA,#VALUE!,0,0.0,,
444,,,No,FALSE,,,,,,NA,NA,NA,NA,0,NA,NA,#VALUE!,0,0.0,,
445,,,No,FALSE,,,,,,NA,NA,NA,NA,0,NA,NA,#VALUE!,0,0.0,,
446,,,No,FALSE,,,,,,NA,NA,NA,NA,0,NA,NA,#VALUE!,0,0.0,,
447,,,No,FALSE,,,,,,NA,NA,NA,NA,0,NA,NA,#VALUE!,0,0.0,,
448,,,No,FALSE,,,,,,NA,NA,NA,NA,0,NA,NA,#VALUE!,0,0.0,,
449,,,No,FALSE,,,,,,NA,NA,NA,NA,0,NA,NA,#VALUE!,0,0.0,,
450,,,No,FALSE,,,,,,NA,NA,NA,NA,0,NA,NA,#VALUE!,0,0.0,,
451,,,No,FALSE,,,,,,NA,NA,NA,NA,0,NA,NA,#VALUE!,0,0.0,,
452,,,No,FALSE,,,,,,NA,NA,NA,NA,0,NA,NA,#VALUE!,0,0.0,,
453,,,No,FALSE,,,,,,NA,NA,NA,NA,0,NA,NA,#VALUE!,0,0.0,,
454,,,No,FALSE,,,,,,NA,NA,NA,NA,0,NA,NA,#VALUE!,0,0.0,,
455,,,No,FALSE,,,,,,NA,NA,NA,NA,0,NA,NA,#VALUE!,0,0.0,,
456,,,No,FALSE,,,,,,NA,NA,NA,NA,0,NA,NA,#VALUE!,0,0.0,,
457,,,No,FALSE,,,,,,NA,NA,NA,NA,0,NA,NA,#VALUE!,0,0.0,,
458,,,No,FALSE,,,,,,NA,NA,NA,NA,0,NA,NA,#VALUE!,0,0.0,,
459,,,No,FALSE,,,,,,NA,NA,NA,NA,0,NA,NA,#VALUE!,0,0.0,,
460,,,No,FALSE,,,,,,NA,NA,NA,NA,0,NA,NA,#VALUE!,0,0.0,,
461,,,No,FALSE,,,,,,NA,NA,NA,NA,0,NA,NA,#VALUE!,0,0.0,,
462,,,No,FALSE,,,,,,NA,NA,NA,NA,0,NA,NA,#VALUE!,0,0.0,,